{"cameraMode":{"drawMode":0,"name":"Shaded","section":"Shading Mode"},"sceneLighting":false,"audioPlay":false,"sceneViewState":{"m_AlwaysRefresh":false,"showFog":true,"showSkybox":false,"showFlares":true,"showImageEffects":true,"showParticleSystems":true,"showVisualEffectGraphs":true,"m_FxEnabled":true},"in2DMode":false,"pivot":{"x":-0.02494412288069725,"y":0.029452018439769746,"z":6.854534149169922e-7},"rotation":{"x":0.04851876571774483,"y":-0.9360701441764832,"z":0.14290961623191834,"w":0.3178020417690277},"size":0.6894868016242981,"orthographic":false}